"ID_Sujeto","ID_Sujeto_Asignado","Grupo_Experimental","Sexo_Sujeto","Sexo_Investigador"
"SUJ-001","FEM-15","IIPSI","Femenino","Femenino"
"SUJ-002","FEM-14","IIPSI","Femenino","Femenino"
"SUJ-003","FEM-03","IIPSI","Femenino","Femenino"
"SUJ-004","FEM-10","IIPSI","Femenino","Masculino"
"SUJ-005","FEM-02","IIPSI","Femenino","Masculino"
"SUJ-006","FEM-06","IIPSI","Femenino","Masculino"
"SUJ-007","MASC-09","IIPSI","Masculino","Femenino"
"SUJ-008","MASC-03","IIPSI","Masculino","Femenino"
"SUJ-009","MASC-08","IIPSI","Masculino","Femenino"
"SUJ-010","MASC-10","IIPSI","Masculino","Masculino"
"SUJ-011","MASC-07","IIPSI","Masculino","Masculino"
"SUJ-012","MASC-15","IIPSI","Masculino","Masculino"
"SUJ-013","FEM-11","Sala_Profe","Femenino","Femenino"
"SUJ-014","FEM-05","Sala_Profe","Femenino","Femenino"
"SUJ-015","FEM-04","Sala_Profe","Femenino","Femenino"
"SUJ-016","FEM-13","Sala_Profe","Femenino","Masculino"
"SUJ-017","FEM-01","Sala_Profe","Femenino","Masculino"
"SUJ-018","FEM-17","Sala_Profe","Femenino","Masculino"
"SUJ-019","MASC-18","Sala_Profe","Masculino","Femenino"
"SUJ-020","MASC-17","Sala_Profe","Masculino","Femenino"
"SUJ-021","MASC-04","Sala_Profe","Masculino","Femenino"
"SUJ-022","MASC-01","Sala_Profe","Masculino","Masculino"
"SUJ-023","MASC-11","Sala_Profe","Masculino","Masculino"
"SUJ-024","MASC-14","Sala_Profe","Masculino","Masculino"
"SUJ-025","FEM-16","Box_Neuro","Femenino","Femenino"
"SUJ-026","FEM-12","Box_Neuro","Femenino","Femenino"
"SUJ-027","FEM-09","Box_Neuro","Femenino","Femenino"
"SUJ-028","FEM-18","Box_Neuro","Femenino","Masculino"
"SUJ-029","FEM-08","Box_Neuro","Femenino","Masculino"
"SUJ-030","FEM-07","Box_Neuro","Femenino","Masculino"
"SUJ-031","MASC-05","Box_Neuro","Masculino","Femenino"
"SUJ-032","MASC-13","Box_Neuro","Masculino","Femenino"
"SUJ-033","MASC-16","Box_Neuro","Masculino","Femenino"
"SUJ-034","MASC-02","Box_Neuro","Masculino","Masculino"
"SUJ-035","MASC-12","Box_Neuro","Masculino","Masculino"
"SUJ-036","MASC-06","Box_Neuro","Masculino","Masculino"
