sujeto,genero,condicion,modo_de_presentacion,contexto,dia,hora,evocacion_libre_dia_1,evocacion_libre_dia_2,cantidad_de_objetos_recordados_l1,cantidad_de_objetos_recordados_l2,bien_reconocidos_como_nuevos,intrusiones_de_l1_en_l2,intrusiones_de_l2_en_l1,intrusiones_totales,cantidad_de_falsos_positivos,cantidad_de_falsos_positivos_l1,cantidad_de_falsos_positivos_l2,cantidad_de_falsos_negativos,cantidad_de_falsos_negativos_l1,cantidad_de_falsos_negativos_l2
tnr110,masculino,repite_contexto,seriado,profes,lunes,16,13,14,18,14,19,1,4,5,1,1,0,3,1,2
ckn399,femenino,repite_contexto,seriado,profes,lunes,16,12,16,17,18,20,1,0,1,0,0,0,4,2,2
lc918,femenino,repite_contexto,seriado,profes,lunes,17,12,14,15,18,17,3,2,5,3,1,2,2,2,0
sjc810,masculino,repite_contexto,seriado,profes,martes,9,12,14,15,16,20,1,4,5,0,0,0,4,4,0
jmv319,femenino,repite_contexto,seriado,profes,martes,10,12,17,17,18,19,2,2,4,1,1,0,1,1,0
lao801,masculino,repite_contexto,seriado,profes,martes,11,12,13,12,13,15,7,6,13,5,5,0,1,0,1
ib675,masculino,repite_contexto,seriado,profes,martes,14,16,12,17,16,14,3,4,7,6,5,1,0,0,0
lb006,femenino,repite_contexto,seriado,profes,martes,14,13,15,17,19,17,1,0,1,3,1,2,3,2,1
sng881,masculino,repite_contexto,seriado,profes,martes,15,16,14,19,16,19,1,2,3,1,1,0,2,0,2
mlbc445,femenino,repite_contexto,seriado,profes,martes,16,8,9,10,14,20,6,3,9,0,0,0,7,4,3
vf898,masculino,repite_contexto,seriado,profes,miercoles,13,11,12,7,13,19,11,6,17,1,1,0,3,2,1
mabp242,femenino,repite_contexto,seriado,profes,miercoles,18,15,15,15,16,17,5,2,7,3,1,2,2,0,2
pp355,masculino,repite_contexto,seriado,ipsii,lunes,15,13,11,15,11,19,2,9,11,1,1,0,3,3,0
ccp950,femenino,repite_contexto,seriado,ipsii,lunes,15,14,15,16,17,17,4,2,6,3,2,1,1,0,1
aep530,femenino,repite_contexto,seriado,ipsii,lunes,17,12,13,15,19,18,4,0,4,2,0,2,2,1,1
meg026,masculino,repite_contexto,seriado,ipsii,lunes,17,14,14,15,17,17,5,3,8,3,3,0,0,0,0
ris360,masculino,repite_contexto,seriado,ipsii,lunes,18,17,14,16,19,20,3,0,3,0,0,0,2,1,1
rg887,femenino,repite_contexto,seriado,ipsii,martes,15,11,11,20,18,19,0,2,2,1,1,0,0,0,0
ab262,masculino,repite_contexto,seriado,ipsii,martes,15,8,13,17,15,18,2,4,6,2,2,0,2,1,1
jsrn567,masculino,repite_contexto,seriado,ipsii,martes,15,12,15,13,14,20,5,3,8,0,0,0,5,2,3
gma966,femenino,repite_contexto,seriado,ipsii,martes,16,13,13,18,16,19,1,1,2,1,0,1,4,1,3
es824,masculino,repite_contexto,seriado,ipsii,martes,17,12,13,16,15,17,1,5,6,3,1,2,3,3,0
em922,masculino,repite_contexto,seriado,box_neuro,lunes,11,13,15,17,13,20,2,4,6,0,0,0,4,1,3
jf208,femenino,repite_contexto,seriado,box_neuro,lunes,15,14,14,15,18,18,3,2,5,2,2,0,2,2,0
iaom658,femenino,repite_contexto,seriado,box_neuro,lunes,15,13,13,16,17,20,2,2,4,0,0,0,1,0,1
aaa666,masculino,repite_contexto,seriado,box_neuro,lunes,16,6,9,15,6,17,1,7,8,3,3,0,11,4,7
mmfg094,masculino,repite_contexto,seriado,box_neuro,lunes,17,12,15,20,13,16,0,5,5,4,3,1,2,0,2
to158,masculino,repite_contexto,seriado,box_neuro,lunes,18,14,13,17,17,20,2,2,4,0,0,0,1,0,1
lmv517,femenino,repite_contexto,seriado,box_neuro,martes,10,14,19,18,17,20,2,2,4,0,0,0,1,0,1
oa881,femenino,repite_contexto,seriado,box_neuro,martes,13,18,14,18,19,20,1,1,2,0,0,0,1,1,0
vbm549,femenino,repite_contexto,seriado,box_neuro,martes,17,16,14,18,19,20,1,0,1,0,0,0,2,1,1
isr329,femenino,repite_contexto,seriado,box_neuro,martes,17,12,11,8,14,29,5,4,9,1,0,1,9,7,2
moa296,femenino,repite_contexto,seriado,ipsii,miercoles,17,16,13,17,16,20,3,4,7,0,0,0,0,0,0
ceb850,femenino,repite_contexto,seriado,ipsii,miercoles,18,13,11,15,18,18,5,2,7,2,0,2,1,0,1
