codigo,sala,sexo,entrevistador,sexo_entrev,entrev_llamada,modalidad,dia_d1,hora_d1,hora_d2,hora_llamada,rec_d1,rec_d2,l1_l1,l1_l2,l1_n,l2_l2,l2_l1,l2_n,n_n,n_l1,n_l2,obs
iaom658,box,F,fran,F,mauri,seriado,lunes,15:45,15:45,16:30,13,13,16,2,0,17,2,1,20,0,0,items L1 suman 18
isr329,box,F,mauri,M,sol,seriado,martes,17:45,16:30,17:40,12,11,8,5,7,14,4,2,29,0,1,nuevos bien reconocidos = 29 (imposible; ¿19?)
jf208,box,F,mauri,M,fran,seriado,lunes,15:30,14:30,14:20,14,14,15,3,2,18,2,0,18,2,0,
lmv517,box,F,fran,F,mauri,seriado,martes,10:30,14:30,14:30,14,19,18,2,0,17,2,1,20,0,0,
oa881,box,F,sol,F,mauri,seriado,martes,13:00,15:45,13:00,18,14,18,1,1,19,1,0,20,0,0,
vbm549,box,F,mauri,M,fran,seriado,martes,17:15,17:15,17:10,16,14,18,1,1,19,0,1,20,0,0,
aaa666,box,M,mauri,M,fran,seriado,lunes,16:00,17:15,18:20,6,9,15,1,4,6,7,7,17,3,0,
em922,box,M,fran,F,mauri,seriado,lunes,11:00,11:30,11:30,13,15,17,2,1,13,4,3,20,0,0,
jtr796,box,M,sol,F,mauri,seriado,martes,15:00,15:00,16:00,,,,,,,,,,,,agendado; sin datos de resultados
mmfg094,box,M,mauri,M,sol,seriado,lunes,17:45,17:45,18:10,12,15,20,0,0,13,5,2,16,3,1,
np,box,M,sol,F,mauri,seriado,martes,15:30,19:00,16:10,,,,,,,,,,,,agendado; sin datos de resultados
to158,box,M,mauri,M,sol,seriado,lunes,18:00,17:00,10:30,14,13,17,2,0,17,2,1,20,0,0,items L1 suman 19
aep530,ipsii,F,sol,F,mauri,seriado,lunes,17:30,17:30,17:00,12,13,15,4,1,19,0,1,18,0,2,
ccp950,ipsii,F,sol,F,mauri,seriado,lunes,14:30,17:15,14:30,14,15,16,4,0,17,2,1,17,2,1,hora D1 agenda 14:30 vs datos 15
ceb850,ipsii,F,mauri,M,fran,seriado,miercoles,18:00,16:00,,13,11,15,5,0,18,2,1,18,0,2,codigo agenda 'MA': emparejamiento dudoso con moa296; sin hora de llamada; items L2 suman 21
gma966,ipsii,F,mauri,M,sol,seriado,martes,16:15,16:15,17:20,13,13,18,1,1,16,1,3,19,0,1,
moa296,ipsii,F,mauri,M,fran,seriado,miercoles,15:15,14:00,,16,13,17,3,0,16,4,0,20,0,0,codigo agenda 'M': emparejamiento dudoso con ceb850; hora D1 agenda 15:15 vs datos 17; sin hora de llamada
rg887,ipsii,F,sol,F,mauri,seriado,martes,15:30,15:30,17:00,11,11,20,0,0,18,2,0,19,1,0,
ab262,ipsii,M,mauri,M,fran,seriado,martes,18:00,11:30,18:10,8,13,17,2,1,15,4,1,18,2,0,hora D1 agenda 18:00 vs datos 15
es824,ipsii,M,mauri,M,fran,seriado,martes,17:00,17:00,17:30,12,13,16,1,3,15,5,0,17,1,2,
jsrn567,ipsii,M,fran,F,mauri,seriado,martes,11:15,11:15,12:30,12,15,13,5,2,14,3,3,20,0,0,hora D1 agenda 11:15 vs datos 15
meg026,ipsii,M,fran,F,mauri,seriado,lunes,15:15,10:30,15:30,14,14,15,5,0,17,3,0,17,3,0,hora D1 agenda 15:15 vs datos 17 (agenda: CAMBIA)
pp355,ipsii,M,mauri,M,sol,seriado,lunes,15:00,15:00,15:00,13,11,15,2,3,11,9,0,19,1,0,
ris360,ipsii,M,fran,F,mauri,seriado,lunes,17:00,17:00,17:15,17,14,16,3,1,19,0,1,20,0,0,hora D1 agenda 17:00 vs datos 18
ckn399,profes,F,fran,F,mauri,seriado,lunes,16:30,16:00,16:00,12,16,17,1,2,18,0,2,20,0,0,
jmv319,profes,F,fran,F,mauri,seriado,martes,10:15,11:30,11:00,12,17,17,2,1,18,2,0,19,1,0,
lb006,profes,F,sol,F,mauri,seriado,martes,14:30,17:45,11:30,13,15,17,1,2,19,0,1,17,1,2,
lc918,profes,F,mauri,M,sol,seriado,lunes,17:15,14:15,14:45,12,14,15,3,2,18,2,0,17,1,2,
mabp242,profes,F,mauri,M,,seriado,miercoles,18:15,10:00,,15,15,15,5,0,16,2,2,17,1,2,sin hora de llamada en agenda
mlbc445,profes,F,mauri,M,sol,seriado,martes,16:00,17:30,18:20,8,9,10,6,4,14,3,3,20,0,0,
ib675,profes,M,sol,F,mauri,seriado,martes,14:00,14:00,15:00,16,12,17,3,0,16,4,0,14,5,1,
lao801,profes,M,sol,F,mauri,seriado,martes,11:30,11:15,12:40,12,13,12,7,0,13,6,1,15,5,0,items L1 suman 19
sjc810,profes,M,fran,F,mauri,seriado,martes,9:00,10:30,10:40,12,14,15,1,4,16,4,0,20,0,0,
sng881,profes,M,mauri,M,fran,seriado,martes,15:45,15:30,18:00,16,14,19,1,0,16,2,2,19,1,0,
tnr110,profes,M,mauri,M,fran,seriado,lunes,16:15,14:00,14:10,13,14,18,1,1,14,4,2,19,1,0,
vf898,profes,M,mauri,M,,seriado,miercoles,13:00,,,11,12,7,11,2,13,6,1,19,1,0,sin D2 ni llamada en agenda
