SUJETO ,GENERO ,CONTEXTO,EVOCACION LIBRE DIA 1,EVOCACION LIBRE DIA 2,Cantidad de objetos recordados L1,Cantidad de objetos recordados L2,Bien reconocidos como nuevos,Intrusiones de L1 en L2,Intrusiones de L2 en L1,Intrusiones totales,Cantidad de falsos positivos,Cantidad de falsos positivos L1,Cantidad de falsos positivos L2,Cantidad de falsos NEGATIVOS,Cantidad de falsos NEGATIVOS L1,Cantidad de falsos NEGATIVOS L2
 SNB351 ,Masculino,PROFES,9,9,13,12,17,6,8,14,3,3,0,1,1,0
FP158,Masculino,IIPSI,16,16,17,17,15,3,3,6,5,3,2,0,0,0
JJP857,Masculino,PROFES,16,12,15,14,19,4,4,8,1,1,0,6,4,2
GR653,Masculino,BOX NEURO,13,12,14,19,20,5,1,6,0,0,0,1,1,0
MS479,Masculino,BOX NEURO,17,17,15,16,20,3,1,4,0,0,0,5,2,3
GBR068,Masculino,IIPSI,15,15,19,12,14,7,0,7,6,0,6,2,1,1
TGM974,Masculino,IIPSI,16,14,18,14,18,1,6,7,2,0,2,1,1,0
IXL391,Masculino,IIPSI,11,13,19,15,19,1,5,6,1,1,0,0,0,0
YR564,Masculino,PROFES,13,13,14,19,20,1,0,1,0,0,0,5,5,1
FEP940,Masculino,BOX NEURO,11,11,10,13,14,6,6,12,6,5,1,5,4,1
FGGN453,Masculino,BOX NEURO,10,12,17,18,20,3,2,5,0,0,0,0,0,0
LNB579,Masculino,PROFES,10,15,16,7,18,3,9,12,2,0,2,5,1,4
SDG732,Masculino,IIPSI,12,12,8,13,15,9,5,14,5,0,5,5,3,2
AAC440,Masculino,BOX NEURO,9,13,15,19,11,5,0,5,9,8,1,1,0,1
FES221,Masculino,PROFES,14,13,16,18,16,3,1,4,4,1,3,2,1,1
RM556,Masculino,PROFES,13,13,19,17,18,0,3,3,2,0,2,1,1,0
CER8352,Masculino,PROFES,14,13,18,15,20,0,3,3,0,0,0,4,2,2
JAB050,Femenino,PROFES,7,8,9,15,19,3,3,6,1,0,1,10,8,2
JBV631,Femenino,IIPSI,16,15,16,18,18,1,0,1,2,0,2,5,3,2
VRG039,Femenino,IIPSI,14,15,14,19,17,2,1,4,3,1,2,4,4,0
MFP167,Femenino,PROFES,14,12,14,11,16,4,6,10,5,2,3,5,2,2
CS949,Femenino,IIPSI,15,14,16,13,20,3,7,10,0,0,0,1,1,0
AF845,Femenino,BOX NEURO,12,11,14,19,18,4,1,1,2,0,2,2,2,0
MVB469,Femenino,BOX NEURO,12,14,15,13,20,2,4,6,0,0,0,6,3,3
CA148,Femenino,BOX NEURO,11,14,16,15,20,2,4,6,0,0,0,3,2,1
RARF642,Femenino,IIPSI,14,18,18,19,18,2,1,3,2,2,0,0,0,0
CALM370,Femenino,PROFES,13,14,16,8,20,1,7,9,0,0,0,8,3,5
DC129,Femenino,BOX NEURO,13,12,13,13,19,1,7,8,1,0,1,8,6,2
 EM385,Femenino,PROFES,14,14,15,14,19,1,6,7,0,0,0,4,4,0
VR383,Femenino,IIPSI,16,19,19,19,20,1,0,1,0,0,0,1,0,1
CL568,Femenino,IIPSI,13,17,12,11,19,4,8,12,1,1,0,5,4,1
MGV818,Femenino,BOX NEURO,15,14,14,14,19,1,4,5,1,1,0,7,5,2
LCN690,Femenino,PROFES,18,13,18,19,20,2,0,2,0,0,0,1,0,1
MFL871,Femenino,BOX NEURO,11,11,14,13,17,3,6,9,3,0,3,4,3,1
CL808,Femenino,PROFES,10,12,15,12,13,2,6,8,7,2,5,5,3,2
MDM4885,Femenino,PROFES,10,11,18,16,20,1,3,4,0,0,0,2,1,1